Timestamp,Level,Message
2024-11-16 12:34:56,ERROR,Failed to connect to database.
2024-11-16 12:35:00,INFO,Database connection established.
2024-11-16 12:36:12,WARNING,High memory usage detected.
2024-11-16 12:37:05,DEBUG,User authentication started.
2024-11-16 12:38:22,ERROR,Unable to fetch configuration file.
2024-11-16 12:39:45,INFO,System health check passed.
2024-11-17 12:34:56,ERROR,Failed to connect to database.
2024-11-17 12:35:00,INFO,Database connection established.
2024-11-17 12:36:12,WARNING,High memory usage detected.
2024-11-17 12:37:05,DEBUG,User authentication started.
2024-11-17 12:38:22,ERROR,Unable to fetch configuration file.
2024-11-17 12:39:45,INFO,System health check passed.
2024-01-21 08:11:00,WARNING,Disk space usage is nearing critical levels.
2024-01-16 01:12:00,WARNING,SSL certificate is nearing expiration date.
2024-02-05 21:10:00,DEBUG,Session timeout value is set to 15 minutes.
2024-03-04 03:46:00,DEBUG,Query execution took longer than expected.
2024-01-30 03:06:00,WARNING,Disk space usage is nearing critical levels.
2024-01-29 19:24:00,WARNING,High memory usage detected; consider optimizing the application.
2024-02-09 02:32:00,WARNING,High memory usage detected; consider optimizing the application.
2024-01-01 16:19:00,INFO,User logged in from a new device.
2024-03-10 06:15:00,WARNING,Disk space usage is nearing critical levels.
2024-03-09 15:51:00,WARNING,High memory usage detected; consider optimizing the application.
2024-01-22 01:20:00,ERROR,Application encountered a fatal runtime error.
2024-02-05 08:12:00,ERROR,Configuration file missing or corrupted.
2024-03-01 03:47:00,WARNING,A deprecated API endpoint was accessed.
2024-01-17 16:59:00,INFO,Service restarted successfully after update.
2024-01-26 22:25:00,INFO,API response times are within acceptable limits.
2024-01-05 20:52:00,ERROR,Server connection lost during data sync operation.
2024-01-19 15:19:00,ERROR,Unable to load the user profile from the server.
2024-02-16 21:15:00,DEBUG,Started processing request for resource /api/v1/users.
2024-01-24 16:33:00,INFO,System health check passed with all components operational.
2024-01-22 14:38:00,ERROR,Server connection lost during data sync operation.
2024-01-11 00:30:00,ERROR,Unable to load the user profile from the server.
2024-01-23 16:59:00,DEBUG,Started processing request for resource /api/v1/users.
2024-01-25 15:31:00,ERROR,Unable to load the user profile from the server.
2024-02-29 15:06:00,INFO,Service restarted successfully after update.
2024-01-31 06:34:00,INFO,System health check passed with all components operational.
2024-03-05 10:35:00,WARNING,Disk space usage is nearing critical levels.
2024-02-20 05:20:00,ERROR,Server connection lost during data sync operation.
2024-01-19 04:05:00,DEBUG,Session timeout value is set to 15 minutes.
2024-02-28 16:26:00,INFO,System health check passed with all components operational.
2024-02-03 12:41:00,ERROR,Configuration file missing or corrupted.
2024-02-08 02:22:00,ERROR,Server connection lost during data sync operation.
2024-02-16 08:46:00,WARNING,Disk space usage is nearing critical levels.
2024-01-03 01:17:00,INFO,Service restarted successfully after update.
2024-01-15 22:05:00,WARNING,A deprecated API endpoint was accessed.
2024-03-01 04:00:00,INFO,Database backup completed successfully.
2024-02-13 03:14:00,WARNING,A deprecated API endpoint was accessed.
2024-01-04 20:16:00,DEBUG,Query execution took longer than expected.
2024-01-27 09:46:00,DEBUG,Loading configuration settings from default location.
2024-01-30 05:12:00,ERROR,Failed to connect to database due to network timeout.
2024-01-30 07:22:00,ERROR,Failed to connect to database due to network timeout.
2024-03-02 06:34:00,INFO,Database backup completed successfully.
2024-02-02 09:47:00,DEBUG,Started processing request for resource /api/v1/users.
2024-02-11 14:23:00,ERROR,Application encountered a fatal runtime error.
2024-01-18 06:15:00,ERROR,Unable to load the user profile from the server.
2024-03-09 19:46:00,WARNING,Disk space usage is nearing critical levels.
2024-03-01 17:01:00,WARNING,A deprecated API endpoint was accessed.
2024-03-02 01:27:00,DEBUG,User authentication initialized for user ID 3425.
2024-02-03 05:54:00,DEBUG,Session timeout value is set to 15 minutes.
2024-01-23 09:43:00,WARNING,A deprecated API endpoint was accessed.
2024-01-03 18:17:00,WARNING,CPU usage has exceeded the recommended threshold.
2024-02-06 05:52:00,INFO,API response times are within acceptable limits.
2024-01-11 14:54:00,DEBUG,Started processing request for resource /api/v1/users.
2024-01-14 10:14:00,WARNING,High memory usage detected; consider optimizing the application.
2024-01-24 09:02:00,WARNING,CPU usage has exceeded the recommended threshold.
2024-03-05 19:25:00,DEBUG,Query execution took longer than expected.
2024-01-15 07:11:00,INFO,User logged in from a new device.
2024-01-16 01:18:00,ERROR,Application encountered a fatal runtime error.
2024-02-08 23:09:00,ERROR,Configuration file missing or corrupted.
2024-02-22 01:04:00,ERROR,Server connection lost during data sync operation.
2024-02-23 09:43:00,WARNING,High memory usage detected; consider optimizing the application.
2024-01-09 09:34:00,INFO,Database backup completed successfully.
2024-01-18 22:50:00,INFO,Service restarted successfully after update.
2024-01-06 23:38:00,WARNING,SSL certificate is nearing expiration date.
2024-01-26 01:01:00,INFO,Database backup completed successfully.
2024-03-06 21:28:00,DEBUG,Query execution took longer than expected.
2024-02-27 01:40:00,ERROR,Unable to load the user profile from the server.
2024-02-07 12:31:00,WARNING,SSL certificate is nearing expiration date.
2024-02-05 00:51:00,DEBUG,Loading configuration settings from default location.
2024-02-10 07:43:00,ERROR,Configuration file missing or corrupted.
2024-01-08 21:02:00,DEBUG,Query execution took longer than expected.
2024-01-13 20:42:00,INFO,Database backup completed successfully.
2024-02-02 21:50:00,DEBUG,Started processing request for resource /api/v1/users.
2024-01-04 21:06:00,INFO,User logged in from a new device.
2024-01-25 07:16:00,INFO,API response times are within acceptable limits.
2024-02-02 00:46:00,DEBUG,Started processing request for resource /api/v1/users.
2024-01-15 12:27:00,INFO,API response times are within acceptable limits.
2024-01-11 10:45:00,DEBUG,Query execution took longer than expected.
2024-01-11 03:39:00,INFO,API response times are within acceptable limits.
2024-02-23 12:59:00,ERROR,Configuration file missing or corrupted.
2024-03-03 11:47:00,INFO,User logged in from a new device.
2024-02-26 11:10:00,ERROR,Unable to load the user profile from the server.
2024-03-02 10:58:00,WARNING,CPU usage has exceeded the recommended threshold.
2024-02-26 18:56:00,WARNING,CPU usage has exceeded the recommended threshold.
2024-02-29 01:04:00,WARNING,Disk space usage is nearing critical levels.
2024-01-17 03:40:00,DEBUG,User authentication initialized for user ID 3425.
2024-02-07 06:29:00,ERROR,Failed to connect to database due to network timeout.
2024-02-16 08:36:00,INFO,Database backup completed successfully.
2024-01-03 07:51:00,ERROR,Failed to connect to database due to network timeout.
2024-02-16 21:47:00,WARNING,Disk space usage is nearing critical levels.
2024-02-29 16:23:00,DEBUG,Started processing request for resource /api/v1/users.
2024-01-24 20:03:00,INFO,API response times are within acceptable limits.
2024-02-21 02:26:00,INFO,API response times are within acceptable limits.
2024-01-22 07:07:00,WARNING,A deprecated API endpoint was accessed.
2024-01-22 14:17:00,INFO,System health check passed with all components operational.
2024-03-03 01:46:00,WARNING,High memory usage detected; consider optimizing the application.
2024-02-11 16:28:00,INFO,User logged in from a new device.
2024-02-18 17:41:00,WARNING,A deprecated API endpoint was accessed.
2024-01-16 07:40:00,WARNING,Disk space usage is nearing critical levels.
2024-02-18 01:11:00,DEBUG,Started processing request for resource /api/v1/users.
2024-02-10 18:04:00,INFO,API response times are within acceptable limits.
2024-01-18 06:02:00,ERROR,Application encountered a fatal runtime error.
2024-01-22 15:16:00,DEBUG,Loading configuration settings from default location.
2024-02-24 07:02:00,WARNING,Disk space usage is nearing critical levels.
2024-01-30 10:49:00,WARNING,A deprecated API endpoint was accessed.
2024-01-08 15:37:00,ERROR,Unable to load the user profile from the server.
2024-01-01 12:03:00,WARNING,High memory usage detected; consider optimizing the application.
2024-01-23 07:20:00,DEBUG,Session timeout value is set to 15 minutes.
2024-01-28 01:39:00,DEBUG,Loading configuration settings from default location.
2024-02-04 16:45:00,INFO,API response times are within acceptable limits.
2024-03-04 09:55:00,DEBUG,Loading configuration settings from default location.
2024-03-01 01:17:00,ERROR,Configuration file missing or corrupted.
2024-02-29 01:32:00,ERROR,Failed to connect to database due to network timeout.
2024-01-04 16:59:00,ERROR,Configuration file missing or corrupted.
2024-03-01 09:39:00,WARNING,Disk space usage is nearing critical levels.
2024-01-18 02:52:00,INFO,System health check passed with all components operational.
2024-01-04 08:24:00,WARNING,Disk space usage is nearing critical levels.
2024-02-02 16:46:00,WARNING,CPU usage has exceeded the recommended threshold.
2024-02-21 18:43:00,INFO,System health check passed with all components operational.
2024-02-05 02:46:00,INFO,User logged in from a new device.
2024-01-05 15:32:00,WARNING,High memory usage detected; consider optimizing the application.
2024-02-04 00:20:00,INFO,System health check passed with all components operational.
2024-03-07 10:41:00,INFO,Service restarted successfully after update.
2024-02-03 09:27:00,ERROR,Unable to load the user profile from the server.
2024-02-03 05:45:00,WARNING,SSL certificate is nearing expiration date.
2024-03-07 20:18:00,ERROR,Failed to connect to database due to network timeout.
2024-01-10 11:44:00,DEBUG,Query execution took longer than expected.
2024-02-23 22:05:00,ERROR,Unable to load the user profile from the server.
2024-01-20 19:54:00,WARNING,A deprecated API endpoint was accessed.
2024-02-21 06:21:00,ERROR,Application encountered a fatal runtime error.
2024-01-26 00:32:00,INFO,Database backup completed successfully.
2024-02-28 10:02:00,ERROR,Server connection lost during data sync operation.
2024-02-18 15:14:00,INFO,API response times are within acceptable limits.
2024-02-14 05:49:00,INFO,Service restarted successfully after update.
2024-02-06 17:42:00,ERROR,Configuration file missing or corrupted.
2024-01-01 22:20:00,ERROR,Application encountered a fatal runtime error.
2024-01-08 16:19:00,WARNING,Disk space usage is nearing critical levels.
2024-02-14 13:23:00,ERROR,Configuration file missing or corrupted.
2024-02-18 23:43:00,INFO,System health check passed with all components operational.
2024-02-29 12:30:00,INFO,User logged in from a new device.
2024-01-23 18:16:00,WARNING,CPU usage has exceeded the recommended threshold.
2024-03-09 06:29:00,DEBUG,Session timeout value is set to 15 minutes.
2024-01-18 23:44:00,ERROR,Failed to connect to database due to network timeout.
2024-03-05 18:04:00,INFO,User logged in from a new device.
2024-01-11 16:21:00,DEBUG,Session timeout value is set to 15 minutes.
2024-02-13 20:34:00,ERROR,Server connection lost during data sync operation.
2024-02-25 03:34:00,DEBUG,Loading configuration settings from default location.
2024-01-14 07:26:00,ERROR,Unable to load the user profile from the server.
2024-01-16 19:59:00,INFO,System health check passed with all components operational.
2024-01-28 21:48:00,INFO,Service restarted successfully after update.
2024-02-09 14:13:00,DEBUG,Loading configuration settings from default location.
2024-01-29 15:37:00,DEBUG,Loading configuration settings from default location.
2024-01-23 01:05:00,WARNING,High memory usage detected; consider optimizing the application.
2024-03-05 16:23:00,DEBUG,Loading configuration settings from default location.
2024-01-19 19:10:00,ERROR,Failed to connect to database due to network timeout.
2024-01-27 23:53:00,WARNING,Disk space usage is nearing critical levels.
2024-03-07 21:20:00,ERROR,Unable to load the user profile from the server.
2024-01-01 02:28:00,ERROR,Configuration file missing or corrupted.
2024-03-08 20:23:00,WARNING,A deprecated API endpoint was accessed.
2024-02-04 04:08:00,WARNING,SSL certificate is nearing expiration date.
2024-02-27 01:21:00,DEBUG,Loading configuration settings from default location.
2024-02-04 10:36:00,DEBUG,Session timeout value is set to 15 minutes.
2024-02-21 18:13:00,DEBUG,Query execution took longer than expected.
2024-01-11 06:17:00,ERROR,Configuration file missing or corrupted.
2024-01-06 04:26:00,ERROR,Configuration file missing or corrupted.
2024-01-09 23:19:00,INFO,Database backup completed successfully.
2024-02-29 04:00:00,WARNING,Disk space usage is nearing critical levels.
2024-02-01 03:36:00,INFO,User logged in from a new device.
2024-01-20 10:58:00,DEBUG,Loading configuration settings from default location.
2024-03-10 08:03:00,DEBUG,Session timeout value is set to 15 minutes.
2024-01-11 21:24:00,WARNING,SSL certificate is nearing expiration date.
2024-01-04 13:26:00,ERROR,Unable to load the user profile from the server.
2024-01-07 09:42:00,WARNING,High memory usage detected; consider optimizing the application.
2024-01-16 07:59:00,DEBUG,Session timeout value is set to 15 minutes.
2024-01-13 09:49:00,ERROR,Server connection lost during data sync operation.
2024-02-24 09:24:00,DEBUG,User authentication initialized for user ID 3425.
2024-02-27 05:34:00,DEBUG,Session timeout value is set to 15 minutes.
2024-02-12 14:36:00,INFO,Service restarted successfully after update.
2024-01-10 15:23:00,ERROR,Unable to load the user profile from the server.
2024-02-24 04:56:00,INFO,System health check passed with all components operational.
2024-01-15 08:33:00,WARNING,SSL certificate is nearing expiration date.
2024-01-18 04:58:00,ERROR,Application encountered a fatal runtime error.
2024-02-28 23:00:00,ERROR,Failed to connect to database due to network timeout.
2024-03-07 01:18:00,ERROR,Server connection lost during data sync operation.
2024-01-18 01:11:00,ERROR,Application encountered a fatal runtime error.
2024-03-04 12:37:00,DEBUG,Session timeout value is set to 15 minutes.
2024-03-03 03:33:00,DEBUG,Query execution took longer than expected.
2024-01-21 13:39:00,DEBUG,User authentication initialized for user ID 3425.
2024-01-03 23:38:00,WARNING,High memory usage detected; consider optimizing the application.
2024-02-25 07:10:00,WARNING,Disk space usage is nearing critical levels.
2024-01-07 05:34:00,DEBUG,User authentication initialized for user ID 3425.
2024-01-26 23:14:00,INFO,User logged in from a new device.
2024-01-02 22:56:00,DEBUG,Started processing request for resource /api/v1/users.
2024-01-24 07:11:00,DEBUG,Session timeout value is set to 15 minutes.
2024-03-06 23:38:00,ERROR,Configuration file missing or corrupted.
2024-03-01 16:53:00,WARNING,A deprecated API endpoint was accessed.
2024-01-18 13:00:00,WARNING,High memory usage detected; consider optimizing the application.
2024-02-02 17:14:00,WARNING,A deprecated API endpoint was accessed.
2024-01-20 00:50:00,DEBUG,Loading configuration settings from default location.
2024-01-02 03:34:00,WARNING,SSL certificate is nearing expiration date.
2024-01-15 17:17:00,DEBUG,User authentication initialized for user ID 3425.
